admin1_pcode,state,admin2_pcode,district,admin3_pcode,township,Township_Name_MMR,MYAINFO_TS_ID,Source,Start_Date,Modified_End_Date,Notification,Notification_modified,GAD_Township_Status,Field_Township_Status,MIMU_Township_Mapping_Status,Change_Type,Remark
MMR017,Ayeyarwady,MMR017D006,Pyapon,MMR017024,Bogale,ဘိုကလေး,ASIMMR017024,GAD,NA,NA,NA,NA,Active,N/A,Active,NA,NA
MMR017,Ayeyarwady,MMR017D005,Maubin,MMR017022,Danubyu,ဓနုဖြူ,ASIMMR017022,GAD,NA,NA,NA,NA,Active,N/A,Active,NA,NA
MMR017,Ayeyarwady,MMR017D006,Pyapon,MMR017026,Dedaye,ဒေးဒရဲ,ASIMMR017026,GAD,NA,NA,NA,NA,Active,N/A,Active,NA,NA
MMR017,Ayeyarwady,MMR017D003,Myaungmya,MMR017015,Einme,အိမ်မဲ,ASIMMR017015,GAD,NA,NA,NA,NA,Active,N/A,Active,NA,NA
MMR017,Ayeyarwady,MMR017D002,Hinthada,MMR017008,Hinthada,ဟင်္သာတ,ASIMMR017008,GAD,NA,NA,NA,NA,Active,N/A,Active,NA,NA
MMR017,Ayeyarwady,MMR017D002,Hinthada,MMR017013,Ingapu,အင်္ဂပူ,ASIMMR017013,GAD,NA,NA,NA,NA,Active,N/A,Active,NA,NA
MMR017,Ayeyarwady,MMR017D001,Pathein,MMR017002,Kangyidaunt,ကန်ကြီးထောင့်,ASIMMR017002,GAD,NA,NA,NA,NA,Active,N/A,Active,NA,NA
MMR017,Ayeyarwady,MMR017D006,Pyapon,MMR017025,Kyaiklat,ကျိုက်လတ်,ASIMMR017025,GAD,NA,NA,NA,NA,Active,N/A,Active,NA,NA
MMR017,Ayeyarwady,MMR017D002,Hinthada,MMR017012,Kyangin,ကြံခင်း,ASIMMR017012,GAD,NA,NA,NA,NA,Active,N/A,Active,NA,NA
MMR017,Ayeyarwady,MMR017D001,Pathein,MMR017007,Kyaunggon,ကျောင်းကုန်း,ASIMMR017007,GAD,NA,NA,NA,NA,Active,N/A,Active,NA,NA
MMR017,Ayeyarwady,MMR017D001,Pathein,MMR017005,Kyonpyaw,ကျုံပျော်,ASIMMR017005,GAD,NA,NA,NA,NA,Active,N/A,Active,NA,NA
MMR017,Ayeyarwady,MMR017D004,Labutta,MMR017016,Labutta,လပွတ္တာ,ASIMMR017016,GAD,NA,NA,NA,NA,Active,N/A,Active,NA,NA
MMR017,Ayeyarwady,MMR017D002,Hinthada,MMR017010,Lemyethna,လေးမျက်နှာ,ASIMMR017010,GAD,NA,NA,NA,NA,Active,N/A,Active,NA,NA
MMR017,Ayeyarwady,MMR017D005,Maubin,MMR017019,Maubin,မအူပင်,ASIMMR017019,GAD,NA,NA,NA,NA,Active,N/A,Active,NA,NA
MMR017,Ayeyarwady,MMR017D004,Labutta,MMR017018,Mawlamyinegyun,မော်လမြိုင်ကျွန်း,ASIMMR017018,GAD,NA,NA,NA,NA,Active,N/A,Active,NA,NA
MMR017,Ayeyarwady,MMR017D002,Hinthada,MMR017011,Myanaung,မြန်အောင်,ASIMMR017011,GAD,NA,NA,NA,NA,Active,N/A,Active,NA,NA
MMR017,Ayeyarwady,MMR017D003,Myaungmya,MMR017014,Myaungmya,မြောင်းမြ,ASIMMR017014,GAD,NA,NA,NA,NA,Active,N/A,Active,NA,NA
MMR017,Ayeyarwady,MMR017D001,Pathein,MMR017004,Ngapudaw,ငပုတော,ASIMMR017004,GAD,NA,NA,NA,NA,Active,N/A,Active,NA,NA
MMR017,Ayeyarwady,MMR017D005,Maubin,MMR017021,Nyaungdon,ညောင်တုန်း,ASIMMR017021,GAD,NA,NA,NA,NA,Active,N/A,Active,NA,NA
MMR017,Ayeyarwady,MMR017D005,Maubin,MMR017020,Pantanaw,ပန်းတနော်,ASIMMR017020,GAD,NA,NA,NA,NA,Active,N/A,Active,NA,NA
MMR017,Ayeyarwady,MMR017D001,Pathein,MMR017001,Pathein,ပုသိမ်,ASIMMR017001,GAD,NA,NA,NA,NA,Active,N/A,Active,NA,NA
MMR017,Ayeyarwady,MMR017D006,Pyapon,MMR017023,Pyapon,ဖျာပုံ,ASIMMR017023,GAD,NA,NA,NA,NA,Active,N/A,Active,NA,NA
MMR017,Ayeyarwady,MMR017D001,Pathein,MMR017003,Thabaung,သာပေါင်း,ASIMMR017003,GAD,NA,NA,NA,NA,Active,N/A,Active,NA,NA
MMR017,Ayeyarwady,MMR017D003,Myaungmya,MMR017017,Wakema,ဝါးခယ်မ,ASIMMR017017,GAD,NA,NA,NA,NA,Active,N/A,Active,NA,NA
MMR017,Ayeyarwady,MMR017D001,Pathein,MMR017006,Yegyi,ရေကြည်,ASIMMR017006,GAD,NA,NA,NA,NA,Active,N/A,Active,NA,NA
MMR017,Ayeyarwady,MMR017D002,Hinthada,MMR017009,Zalun,ဇလွန်,ASIMMR017009,GAD,NA,NA,NA,NA,Active,N/A,Active,NA,NA
MMR007,Bago (East),MMR007D001,Bago,MMR007001,Bago,ပဲခူး,ASIMMR007001,GAD,NA,NA,NA,NA,Active,N/A,Active,NA,NA
MMR007,Bago (East),MMR007D001,Bago,MMR007007,Daik-U,ဒိုက်ဦး,ASIMMR007007,GAD,NA,NA,NA,NA,Active,N/A,Active,NA,NA
MMR007,Bago (East),MMR007D002,Taungoo,MMR007014,Htantabin,ထန်းတပင်,ASIMMR007014,GAD,NA,NA,NA,NA,Active,N/A,Active,NA,NA
MMR007,Bago (East),MMR007D001,Bago,MMR007003,Kawa,ကဝ,ASIMMR007003,GAD,NA,NA,NA,NA,Active,N/A,Active,NA,NA
MMR007,Bago (East),MMR007D002,Taungoo,MMR007011,Kyaukkyi,ကျောက်ကြီး,ASIMMR007011,GAD,NA,NA,NA,NA,Active,N/A,Active,NA,NA
MMR007,Bago (East),MMR007D001,Bago,MMR007006,Kyauktaga,ကျောက်တံခါး,ASIMMR007006,GAD,NA,NA,NA,NA,Active,N/A,Active,NA,NA
MMR007,Bago (East),MMR007D001,Bago,MMR007005,Nyaunglebin,ညောင်လေးပင်,ASIMMR007005,GAD,NA,NA,NA,NA,Active,N/A,Active,NA,NA
MMR007,Bago (East),MMR007D002,Taungoo,MMR007013,Oktwin,အုတ်တွင်း,ASIMMR007013,GAD,NA,NA,NA,NA,Active,N/A,Active,NA,NA
MMR007,Bago (East),MMR007D002,Taungoo,MMR007012,Phyu,ဖြူး,ASIMMR007012,GAD,NA,NA,NA,NA,Active,N/A,Active,NA,NA
MMR007,Bago (East),MMR007D001,Bago,MMR007008,Shwegyin,ရွှေကျင်,ASIMMR007008,GAD,NA,NA,NA,NA,Active,N/A,Active,NA,NA
MMR007,Bago (East),MMR007D002,Taungoo,MMR007009,Taungoo,တောင်ငူ,ASIMMR007009,GAD,NA,NA,NA,NA,Active,N/A,Active,NA,NA
MMR007,Bago (East),MMR007D001,Bago,MMR007002,Thanatpin,သနပ်ပင်,ASIMMR007002,GAD,NA,NA,NA,NA,Active,N/A,Active,NA,NA
MMR007,Bago (East),MMR007D001,Bago,MMR007004,Waw,ဝေါ,ASIMMR007004,GAD,NA,NA,NA,NA,Active,N/A,Active,NA,NA
MMR007,Bago (East),MMR007D002,Taungoo,MMR007010,Yedashe,ရေတာရှည်,ASIMMR007010,GAD,NA,NA,NA,NA,Active,N/A,Active,NA,NA
MMR008,Bago (West),MMR008D002,Thayarwady,MMR008014,Gyobingauk,ကြို့ပင်ကောက်,ASIMMR008014,GAD,NA,NA,NA,NA,Active,N/A,Active,NA,NA
MMR008,Bago (West),MMR008D002,Thayarwady,MMR008008,Letpadan,လက်ပံတန်း,ASIMMR008008,GAD,NA,NA,NA,NA,Active,N/A,Active,NA,NA
MMR008,Bago (West),MMR008D002,Thayarwady,MMR008009,Minhla,မင်းလှ,ASIMMR008009,GAD,NA,NA,NA,NA,Active,N/A,Active,NA,NA
MMR008,Bago (West),MMR008D002,Thayarwady,MMR008013,Monyo,မိုးညို,ASIMMR008013,GAD,NA,NA,NA,NA,Active,N/A,Active,NA,NA
MMR008,Bago (West),MMR008D002,Thayarwady,MMR008012,Nattalin,နတ်တလင်း,ASIMMR008012,GAD,NA,NA,NA,NA,Active,N/A,Active,NA,NA
MMR008,Bago (West),MMR008D002,Thayarwady,MMR008010,Okpho,အုတ်ဖို,ASIMMR008010,GAD,NA,NA,NA,NA,Active,N/A,Active,NA,NA
MMR008,Bago (West),MMR008D001,Pyay,MMR008003,Padaung,ပန်းတောင်း,ASIMMR008003,GAD,NA,NA,NA,NA,Active,N/A,Active,NA,NA
MMR008,Bago (West),MMR008D001,Pyay,MMR008002,Paukkhaung,ပေါက်ခေါင်း,ASIMMR008002,GAD,NA,NA,NA,NA,Active,N/A,Active,NA,NA
MMR008,Bago (West),MMR008D001,Pyay,MMR008004,Paungde,ပေါင်းတည်,ASIMMR008004,GAD,NA,NA,NA,NA,Active,N/A,Active,NA,NA
MMR008,Bago (West),MMR008D001,Pyay,MMR008001,Pyay,ပြည်,ASIMMR008001,GAD,NA,NA,NA,NA,Active,N/A,Active,NA,NA
MMR008,Bago (West),MMR008D001,Pyay,MMR008006,Shwedaung,ရွှေတောင်,ASIMMR008006,GAD,NA,NA,NA,NA,Active,N/A,Active,NA,NA
MMR008,Bago (West),MMR008D002,Thayarwady,MMR008007,Thayarwady,သာယာဝတီ,ASIMMR008007,GAD,NA,NA,NA,NA,Active,N/A,Active,NA,NA
MMR008,Bago (West),MMR008D001,Pyay,MMR008005,Thegon,သဲကုန်း,ASIMMR008005,GAD,NA,NA,NA,NA,Active,N/A,Active,NA,NA
MMR008,Bago (West),MMR008D002,Thayarwady,MMR008011,Zigon,ဇီးကုန်း,ASIMMR008011,GAD,NA,NA,NA,NA,Active,N/A,Active,NA,NA
MMR004,Chin,MMR004D001,Falam,MMR004001,Falam,ဖလမ်း,ASIMMR004001,GAD,NA,NA,NA,NA,Active,N/A,Active,NA,NA
MMR004,Chin,MMR004D003,Hakha,MMR004002,Hakha,ဟားခါး,ASIMMR004002,GAD,NA,2012-07-30T00:00:00Z,NA,No. 429/2012,Active,N/A,Active,Change of District,Previous District was Falam (MMR004D001)
MMR004,Chin,MMR004D002,Mindat,MMR004008,Kanpetlet,ကန်ပက်လက်,ASIMMR004008,GAD,NA,NA,NA,NA,Active,N/A,Active,NA,NA
MMR004,Chin,MMR004D004,Matupi,MMR004007,Matupi,မတူပီ,ASIMMR004007,GAD,NA,2017-07-24T00:00:00Z,NA,No. 987/2017,Active,N/A,Active,Change of District,Previous district was Mindat District
MMR004,Chin,MMR004D002,Mindat,MMR004006,Mindat,မင်းတပ်,ASIMMR004006,GAD,NA,NA,NA,NA,Active,N/A,Active,NA,NA
MMR004,Chin,MMR004D004,Matupi,MMR004009,Paletwa,ပလက်ဝ,ASIMMR004009,GAD,NA,2017-07-24T00:00:00Z,NA,No. 987/2017,Active,N/A,Active,Change of District,Previous district was Mindat District
MMR004,Chin,MMR004D001,Falam,MMR004004,Tedim,တီးတိန်,ASIMMR004004,GAD,NA,NA,NA,NA,Active,N/A,Active,NA,NA
MMR004,Chin,MMR004D003,Hakha,MMR004003,Thantlang,ထန်တလန်,ASIMMR004003,GAD,NA,2012-07-30T00:00:00Z,NA,No. 429/2012,Active,N/A,Active,Change of District,Previous District was Falam (MMR004D001)
MMR004,Chin,MMR004D001,Falam,MMR004005,Tonzang,တွန်းဇန်,ASIMMR004005,GAD,NA,NA,NA,NA,Active,N/A,Active,NA,NA
MMR001,Kachin,MMR001D003,Bhamo,MMR001010,Bhamo,ဗန်းမော်,ASIMMR001010,GAD,NA,NA,NA,NA,Active,N/A,Active,NA,NA
MMR001,Kachin,MMR001D001,Myitkyina,MMR001005,Chipwi,ချီ​ဖွေ,ASIMMR001005,GAD,NA,NA,NA,NA,Active,N/A,Active,NA,NA
MMR001,Kachin,MMR001D002,Mohnyin,MMR001009,Hpakant,ဖားကန့်,ASIMMR001009,GAD,NA,NA,NA,NA,Active,N/A,Active,NA,NA
MMR001,Kachin,MMR001D001,Myitkyina,MMR001003,Injangyang,အင်ဂျန်းယန်,ASIMMR001003,GAD,NA,NA,NA,NA,Active,N/A,Active,NA,NA
MMR001,Kachin,MMR001D004,Puta-O,MMR001018,Khaunglanhpu,ခေါင်လန်ဖူး,ASIMMR001018,GAD,NA,NA,NA,NA,Active,N/A,Active,NA,NA
MMR001,Kachin,MMR001D004,Puta-O,MMR001016,Machanbaw,မချမ်းဘော,ASIMMR001016,GAD,NA,NA,NA,NA,Active,N/A,Active,NA,NA
MMR001,Kachin,MMR001D003,Bhamo,MMR001013,Mansi,မံစီ,ASIMMR001013,GAD,NA,NA,NA,NA,Active,N/A,Active,NA,NA
MMR001,Kachin,MMR001D002,Mohnyin,MMR001008,Mogaung,မိုးကောင်း,ASIMMR001008,GAD,NA,NA,NA,NA,Active,N/A,Active,NA,NA
MMR001,Kachin,MMR001D002,Mohnyin,MMR001007,Mohnyin,မိုးညှင်း,ASIMMR001007,GAD,NA,NA,NA,NA,Active,N/A,Active,NA,NA
MMR001,Kachin,MMR001D003,Bhamo,MMR001012,Momauk,မိုးမောက်,ASIMMR001012,GAD,NA,NA,NA,NA,Active,N/A,Active,NA,NA
MMR001,Kachin,MMR001D001,Myitkyina,MMR001001,Myitkyina,မြစ်ကြီးနား,ASIMMR001001,GAD,NA,NA,NA,NA,Active,N/A,Active,NA,NA
MMR001,Kachin,MMR001D004,Puta-O,MMR001017,Nawngmun,နောင်မွန်း,ASIMMR001017,GAD,NA,NA,NA,NA,Active,N/A,Active,NA,NA
MMR001,Kachin,MMR001D004,Puta-O,MMR001014,Puta-O,ပူတာအို,ASIMMR001014,GAD,NA,NA,NA,NA,Active,N/A,Active,NA,NA
MMR001,Kachin,MMR001D003,Bhamo,MMR001011,Shwegu,ရွှေကူ,ASIMMR001011,GAD,NA,NA,NA,NA,Active,N/A,Active,NA,NA
MMR001,Kachin,MMR001D004,Puta-O,MMR001015,Sumprabum,ဆွမ်ပရာဘွမ်,ASIMMR001015,GAD,NA,NA,NA,NA,Active,N/A,Active,NA,NA
MMR001,Kachin,MMR001D001,Myitkyina,MMR001004,Tanai,တနိုင်း,ASIMMR001004,GAD,NA,NA,NA,NA,Active,N/A,Active,NA,NA
MMR001,Kachin,MMR001D001,Myitkyina,MMR001006,Tsawlaw,ဆော့လော်,ASIMMR001006,GAD,NA,NA,NA,NA,Active,N/A,Active,NA,NA
MMR001,Kachin,MMR001D001,Myitkyina,MMR001002,Waingmaw,ဝိုင်းမော်,ASIMMR001002,GAD,NA,NA,NA,NA,Active,N/A,Active,NA,NA
MMR002,Kayah,MMR002D002,Bawlake,MMR002005,Bawlake,ဘောလခဲ,ASIMMR002005,GAD,NA,NA,NA,NA,Active,N/A,Active,NA,NA
MMR002,Kayah,MMR002D001,Loikaw,MMR002002,Demoso,ဒီးမော့ဆို,ASIMMR002002,GAD,NA,NA,NA,NA,Active,N/A,Active,NA,NA
MMR002,Kayah,MMR002D002,Bawlake,MMR002006,Hpasawng,ဖားဆောင်း,ASIMMR002006,GAD,NA,NA,NA,NA,Active,N/A,Active,NA,NA
MMR002,Kayah,MMR002D001,Loikaw,MMR002003,Hpruso,ဖရူဆို,ASIMMR002003,GAD,NA,NA,NA,NA,Active,N/A,Active,NA,NA
MMR002,Kayah,MMR002D001,Loikaw,MMR002001,Loikaw,လွိုင်ကော်,ASIMMR002001,GAD,NA,NA,NA,NA,Active,N/A,Active,NA,NA
MMR002,Kayah,MMR002D002,Bawlake,MMR002007,Mese,မယ်စဲ,ASIMMR002007,GAD,NA,NA,NA,NA,Active,N/A,Active,NA,NA
MMR002,Kayah,MMR002D001,Loikaw,MMR002004,Shadaw,ရှားတော,ASIMMR002004,GAD,NA,NA,NA,NA,Active,N/A,Active,NA,NA
MMR003,Kayin,MMR003D001,Hpa-An,MMR003002,Hlaingbwe,လှိုင်းဘွဲ့,ASIMMR003002,GAD,NA,NA,NA,NA,Active,N/A,Active,NA,NA
MMR003,Kayin,MMR003D001,Hpa-An,MMR003001,Hpa-An,ဘားအံ,ASIMMR003001,GAD,NA,NA,NA,NA,Active,N/A,Active,NA,NA
MMR003,Kayin,MMR003D004,Hpapun,MMR003003,Hpapun,ဖာပွန်,ASIMMR003003,GAD,NA,2011-01-12T00:00:00Z,NA,200/20-73/U-1,Active,N/A,Active,Change of District,Previous District was Hpa-An District
MMR003,Kayin,MMR003D003,Kawkareik,MMR003006,Kawkareik,ကော့ကရိတ်,ASIMMR003006,GAD,NA,NA,NA,NA,Active,N/A,Active,NA,NA
MMR003,Kayin,MMR003D003,Kawkareik,MMR003007,Kyainseikgyi,ကြာအင်းဆိပ်ကြီး,ASIMMR003007,GAD,NA,NA,NA,NA,Active,N/A,Active,NA,NA
MMR003,Kayin,MMR003D002,Myawaddy,MMR003005,Myawaddy,မြဝတီ,ASIMMR003005,GAD,NA,NA,NA,NA,Active,N/A,Active,NA,NA
MMR003,Kayin,MMR003D001,Hpa-An,MMR003004,Thandaunggyi,သံတောင်ကြီး,ASIMMR003004,GAD,NA,NA,NA,NA,Active,N/A,Active,NA,NA
MMR009,Magway,MMR009D003,Thayet,MMR009016,Aunglan,အောင်လံ,ASIMMR009016,GAD,NA,NA,NA,NA,Active,N/A,Active,NA,NA
MMR009,Magway,MMR009D001,Magway,MMR009003,Chauk,ချောက်,ASIMMR009003,GAD,NA,NA,NA,NA,Active,N/A,Active,NA,NA
MMR009,Magway,MMR009D005,Gangaw,MMR009023,Gangaw,ဂန့်ဂေါ,ASIMMR009023,GAD,NA,NA,NA,NA,Active,N/A,Active,NA,NA
MMR009,Magway,MMR009D003,Thayet,MMR009015,Kamma,ကံမ,ASIMMR009015,GAD,NA,NA,NA,NA,Active,N/A,Active,NA,NA
MMR009,Magway,MMR009D001,Magway,MMR009001,Magway,မကွေး,ASIMMR009001,GAD,NA,NA,NA,NA,Active,N/A,Active,NA,NA
MMR009,Magway,MMR009D002,Minbu,MMR009007,Minbu,မင်းဘူး,ASIMMR009007,GAD,NA,NA,NA,NA,Active,N/A,Active,NA,NA
MMR009,Magway,MMR009D003,Thayet,MMR009014,Mindon,မင်းတုန်း,ASIMMR009014,GAD,NA,NA,NA,NA,Active,N/A,Active,NA,NA
MMR009,Magway,MMR009D003,Thayet,MMR009013,Minhla,မင်းလှ,ASIMMR009013,GAD,NA,NA,NA,NA,Active,N/A,Active,NA,NA
MMR009,Magway,MMR009D004,Pakokku,MMR009020,Myaing,မြိုင်,ASIMMR009020,GAD,NA,NA,NA,NA,Active,N/A,Active,NA,NA
MMR009,Magway,MMR009D001,Magway,MMR009005,Myothit,မြို့သစ်,ASIMMR009005,GAD,NA,NA,NA,NA,Active,N/A,Active,NA,NA
MMR009,Magway,MMR009D001,Magway,MMR009006,Natmauk,နတ်မောက်,ASIMMR009006,GAD,NA,NA,NA,NA,Active,N/A,Active,NA,NA
MMR009,Magway,MMR009D002,Minbu,MMR009009,Ngape,ငဖဲ,ASIMMR009009,GAD,NA,NA,NA,NA,Active,N/A,Active,NA,NA
MMR009,Magway,MMR009D004,Pakokku,MMR009018,Pakokku,ပခုက္ကူ,ASIMMR009018,GAD,NA,NA,NA,NA,Active,N/A,Active,NA,NA
MMR009,Magway,MMR009D004,Pakokku,MMR009021,Pauk,ပေါက်,ASIMMR009021,GAD,NA,NA,NA,NA,Active,N/A,Active,NA,NA
MMR009,Magway,MMR009D002,Minbu,MMR009008,Pwintbyu,ပွင့်ဖြူ,ASIMMR009008,GAD,NA,NA,NA,NA,Active,N/A,Active,NA,NA
MMR009,Magway,MMR009D002,Minbu,MMR009010,Salin,စလင်း,ASIMMR009010,GAD,NA,NA,NA,NA,Active,N/A,Active,NA,NA
MMR009,Magway,MMR009D005,Gangaw,MMR009025,Saw,ဆော,ASIMMR009025,GAD,NA,NA,NA,NA,Active,N/A,Active,NA,NA
MMR009,Magway,MMR009D004,Pakokku,MMR009022,Seikphyu,ဆိပ်ဖြူ,ASIMMR009022,GAD,NA,NA,NA,NA,Active,N/A,Active,NA,NA
MMR009,Magway,MMR009D002,Minbu,MMR009011,Sidoktaya,စေတုတ္ထရာ,ASIMMR009011,GAD,NA,NA,NA,NA,Active,N/A,Active,NA,NA
MMR009,Magway,MMR009D003,Thayet,MMR009017,Sinbaungwe,ဆင်ပေါင်ဝဲ,ASIMMR009017,GAD,NA,NA,NA,NA,Active,N/A,Active,NA,NA
MMR009,Magway,MMR009D001,Magway,MMR009004,Taungdwingyi,တောင်တွင်းကြီး,ASIMMR009004,GAD,NA,NA,NA,NA,Active,N/A,Active,NA,NA
MMR009,Magway,MMR009D003,Thayet,MMR009012,Thayet,သရက်,ASIMMR009012,GAD,NA,NA,NA,NA,Active,N/A,Active,NA,NA
MMR009,Magway,MMR009D005,Gangaw,MMR009024,Tilin,ထီးလင်း,ASIMMR009024,GAD,NA,NA,NA,NA,Active,N/A,Active,NA,NA
MMR009,Magway,MMR009D001,Magway,MMR009002,Yenangyaung,ရေနံချောင်း,ASIMMR009002,GAD,NA,NA,NA,NA,Active,N/A,Active,NA,NA
MMR009,Magway,MMR009D004,Pakokku,MMR009019,Yesagyo,ရေစကြို,ASIMMR009019,GAD,NA,NA,NA,NA,Active,N/A,Active,NA,NA
MMR010,Mandalay,MMR010D001,Mandalay,MMR010006,Amarapura,အမရပူရ,ASIMMR010006,GAD,NA,NA,NA,NA,Active,N/A,Active,NA,NA
MMR010,Mandalay,MMR010D001,Mandalay,MMR010001,Aungmyaythazan,အောင်မြေသာစံ,ASIMMR010001,GAD,NA,NA,NA,NA,Active,N/A,Active,NA,NA
MMR010,Mandalay,MMR010D001,Mandalay,MMR010002,Chanayethazan,ချမ်းအေးသာစံ,ASIMMR010002,GAD,NA,NA,NA,NA,Active,N/A,Active,NA,NA
MMR010,Mandalay,MMR010D001,Mandalay,MMR010004,Chanmyathazi,ချမ်းမြသာစည်,ASIMMR010004,GAD,NA,NA,NA,NA,Active,N/A,Active,NA,NA
MMR010,Mandalay,MMR010D005,Nyaung-U,MMR010020,Kyaukpadaung,ကျောက်ပန်းတောင်း,ASIMMR010020,GAD,NA,2014-01-15T00:00:00Z,NA,No. 41/2014,Active,N/A,Active,Change of District,Previous District was Myingyan (MMR010D004)
MMR010,Mandalay,MMR010D003,Kyaukse,MMR010013,Kyaukse,ကျောက်ဆည်,ASIMMR010013,GAD,NA,NA,NA,NA,Active,N/A,Active,NA,NA
MMR010,Mandalay,MMR010D002,Pyinoolwin,MMR010009,Madaya,မတ္တရာ,ASIMMR010009,GAD,NA,NA,NA,NA,Active,N/A,Active,NA,NA
MMR010,Mandalay,MMR010D001,Mandalay,MMR010003,Mahaaungmyay,မဟာအောင်မြေ,ASIMMR010003,GAD,NA,NA,NA,NA,Active,N/A,Active,NA,NA
MMR010,Mandalay,MMR010D007,Meiktila,MMR010029,Mahlaing,မလှိုင်,ASIMMR010029,GAD,NA,NA,NA,NA,Active,N/A,Active,NA,NA
MMR010,Mandalay,MMR010D007,Meiktila,MMR010028,Meiktila,မိတ္ထီလာ,ASIMMR010028,GAD,NA,NA,NA,NA,Active,N/A,Active,NA,NA
MMR010,Mandalay,MMR010D002,Pyinoolwin,MMR010011,Mogoke,မိုးကုတ်,ASIMMR010011,GAD,NA,NA,NA,NA,Active,N/A,Active,NA,NA
MMR010,Mandalay,MMR010D004,Myingyan,MMR010017,Myingyan,မြင်းခြံ,ASIMMR010017,GAD,NA,NA,NA,NA,Active,N/A,Active,NA,NA
MMR010,Mandalay,MMR010D003,Kyaukse,MMR010015,Myittha,မြစ်သား,ASIMMR010015,GAD,NA,NA,NA,NA,Active,N/A,Active,NA,NA
MMR010,Mandalay,MMR010D004,Myingyan,MMR010019,Natogyi,နွားထိုးကြီး,ASIMMR010019,GAD,NA,NA,NA,NA,Active,N/A,Active,NA,NA
MMR010,Mandalay,MMR010D004,Myingyan,MMR010021,Ngazun,ငါန်းဇွန်,ASIMMR010021,GAD,NA,NA,NA,NA,Active,N/A,Active,NA,NA
MMR010,Mandalay,MMR010D005,Nyaung-U,MMR010022,Nyaung-U,ညောင်ဦး,ASIMMR010022,GAD,NA,NA,NA,NA,Active,N/A,Active,NA,NA
MMR010,Mandalay,MMR010D001,Mandalay,MMR010007,Patheingyi,ပုသိမ်ကြီး,ASIMMR010007,GAD,NA,NA,NA,NA,Active,N/A,Active,NA,NA
MMR010,Mandalay,MMR010D006,Yamethin,MMR010024,Pyawbwe,ပျော်ဘွယ်,ASIMMR010024,GAD,NA,NA,NA,NA,Active,N/A,Active,NA,NA
MMR010,Mandalay,MMR010D001,Mandalay,MMR010005,Pyigyitagon,ပြည်ကြီးတံခွန်,ASIMMR010005,GAD,NA,NA,NA,NA,Active,N/A,Active,NA,NA
MMR010,Mandalay,MMR010D002,Pyinoolwin,MMR010008,Pyinoolwin,ပြင်ဦးလွင်,ASIMMR010008,GAD,NA,NA,NA,NA,Active,N/A,Active,NA,NA
MMR010,Mandalay,MMR010D002,Pyinoolwin,MMR010010,Singu,စဉ့်ကူး,ASIMMR010010,GAD,NA,NA,NA,NA,Active,N/A,Active,NA,NA
MMR010,Mandalay,MMR010D003,Kyaukse,MMR010014,Sintgaing,စဉ့်ကိုင်,ASIMMR010014,GAD,NA,NA,NA,NA,Active,N/A,Active,NA,NA
MMR010,Mandalay,MMR010D003,Kyaukse,MMR010016,Tada-U,တံတားဦး,ASIMMR010016,GAD,NA,NA,NA,NA,Active,N/A,Active,NA,NA
MMR010,Mandalay,MMR010D004,Myingyan,MMR010018,Taungtha,တောင်သာ,ASIMMR010018,GAD,NA,NA,NA,NA,Active,N/A,Active,NA,NA
MMR010,Mandalay,MMR010D002,Pyinoolwin,MMR010012,Thabeikkyin,သပိတ်ကျင်း,ASIMMR010012,GAD,NA,NA,NA,NA,Active,N/A,Active,NA,NA
MMR010,Mandalay,MMR010D007,Meiktila,MMR010030,Thazi,သာစည်,ASIMMR010030,GAD,NA,NA,NA,NA,Active,N/A,Active,NA,NA
MMR010,Mandalay,MMR010D007,Meiktila,MMR010031,Wundwin,ဝမ်းတွင်း,ASIMMR010031,GAD,NA,NA,NA,NA,Active,N/A,Active,NA,NA
MMR010,Mandalay,MMR010D006,Yamethin,MMR010023,Yamethin,ရမည်းသင်း,ASIMMR010023,GAD,NA,NA,NA,NA,Active,N/A,Active,NA,NA
MMR011,Mon,MMR011D002,Thaton,MMR011010,Bilin,ဘီးလင်း,ASIMMR011010,GAD,NA,NA,NA,NA,Active,N/A,Active,NA,NA
MMR011,Mon,MMR011D001,Mawlamyine,MMR011003,Chaungzon,ချောင်းဆုံ,ASIMMR011003,GAD,NA,NA,NA,NA,Active,N/A,Active,NA,NA
MMR011,Mon,MMR011D001,Mawlamyine,MMR011002,Kyaikmaraw,ကျိုက်မရော,ASIMMR011002,GAD,NA,NA,NA,NA,Active,N/A,Active,NA,NA
MMR011,Mon,MMR011D002,Thaton,MMR011009,Kyaikto,ကျိုက်ထို,ASIMMR011009,GAD,NA,NA,NA,NA,Active,N/A,Active,NA,NA
MMR011,Mon,MMR011D001,Mawlamyine,MMR011001,Mawlamyine,မော်လမြိုင်,ASIMMR011001,GAD,NA,NA,NA,NA,Active,N/A,Active,NA,NA
MMR011,Mon,MMR011D001,Mawlamyine,MMR011005,Mudon,မုဒုံ,ASIMMR011005,GAD,NA,NA,NA,NA,Active,N/A,Active,NA,NA
MMR011,Mon,MMR011D002,Thaton,MMR011008,Paung,ပေါင်,ASIMMR011008,GAD,NA,NA,NA,NA,Active,N/A,Active,NA,NA
MMR011,Mon,MMR011D001,Mawlamyine,MMR011004,Thanbyuzayat,သံဖြူဇရပ်,ASIMMR011004,GAD,NA,NA,NA,NA,Active,N/A,Active,NA,NA
MMR011,Mon,MMR011D002,Thaton,MMR011007,Thaton,သထုံ,ASIMMR011007,GAD,NA,NA,NA,NA,Active,N/A,Active,NA,NA
MMR011,Mon,MMR011D001,Mawlamyine,MMR011006,Ye,ရေး,ASIMMR011006,GAD,NA,NA,NA,NA,Active,N/A,Active,NA,NA
MMR018,Nay Pyi Taw,MMR018D002,Det Khi Na,MMR018004,Det Khi Na Thi Ri,ဒက္ခိဏသီရိ,ASIMMR010037,GAD,NA,2013-01-11T00:00:00Z,NA,No. 116/2013,Active,N/A,Active,Change of District,Previous District was Nay Pyi Taw Distict (MMR010D008)
MMR018,Nay Pyi Taw,MMR018D002,Det Khi Na,MMR018007,Lewe,လယ်ဝေး,ASIMMR010027,GAD,NA,2013-01-11T00:00:00Z,NA,No. 116/2013,Active,N/A,Active,Change of District,Previous District was Nay Pyi Taw Distict (MMR010D008)
MMR018,Nay Pyi Taw,MMR018D001,Oke Ta Ra,MMR018008,Oke Ta Ra Thi Ri,ဥတ္တရသီရိ,ASIMMR010035,GAD,NA,2013-01-11T00:00:00Z,NA,No. 116/2013,Active,N/A,Active,Change of District,Previous District was Nay Pyi Taw Distict (MMR010D008)
MMR018,Nay Pyi Taw,MMR018D001,Oke Ta Ra,MMR018005,Poke Ba Thi Ri,ပုဗ္ဗသီရိ,ASIMMR010034,GAD,NA,2013-01-11T00:00:00Z,NA,No. 116/2013,Active,N/A,Active,Change of District,Previous District was Nay Pyi Taw Distict (MMR010D008)
MMR018,Nay Pyi Taw,MMR018D002,Det Khi Na,MMR018006,Pyinmana,ပျဉ်းမနား,ASIMMR010026,GAD,NA,2013-01-11T00:00:00Z,NA,No. 116/2013,Active,N/A,Active,Change of District,Previous District was Nay Pyi Taw Distict (MMR010D008)
MMR018,Nay Pyi Taw,MMR018D001,Oke Ta Ra,MMR018003,Tatkon,တပ်ကုန်း,ASIMMR010025,GAD,NA,2013-01-11T00:00:00Z,NA,No. 116/2013,Active,N/A,Active,Change of District,Previous District was Nay Pyi Taw Distict (MMR010D008)
MMR018,Nay Pyi Taw,MMR018D002,Det Khi Na,MMR018002,Za Bu Thi Ri,ဇမ္ဗူသီရိ,ASIMMR010036,GAD,NA,2013-01-11T00:00:00Z,NA,No. 116/2013,Active,N/A,Active,Change of District,Previous District was Nay Pyi Taw Distict (MMR010D008)
MMR018,Nay Pyi Taw,MMR018D001,Oke Ta Ra,MMR018001,Zay Yar Thi Ri,ဇေယျာသီရိ,ASIMMR010033,GAD,NA,2013-01-11T00:00:00Z,NA,No. 116/2013,Active,N/A,Active,Change of District,Previous District was Nay Pyi Taw Distict (MMR010D008)
MMR012,Rakhine,MMR012D003,Kyaukpyu,MMR012014,Ann,အမ်း,ASIMMR012014,GAD,NA,NA,NA,NA,Active,N/A,Active,NA,NA
MMR012,Rakhine,MMR012D002,Maungdaw,MMR012010,Buthidaung,ဘူးသီးတောင်,ASIMMR012010,GAD,NA,NA,NA,NA,Active,N/A,Active,NA,NA
MMR012,Rakhine,MMR012D004,Thandwe,MMR012017,Gwa,ဂွ,ASIMMR012017,GAD,NA,NA,NA,NA,Active,N/A,Active,NA,NA
MMR012,Rakhine,MMR012D003,Kyaukpyu,MMR012011,Kyaukpyu,ကျောက်ဖြူ,ASIMMR012011,GAD,NA,NA,NA,NA,Active,N/A,Active,NA,NA
MMR012,Rakhine,MMR012D005,Mrauk-U,MMR012004,Kyauktaw,ကျောက်တော်,ASIMMR012004,GAD,NA,2012-12-24T00:00:00Z,NA,No. 1/2012,Active,N/A,Active,Change of District,Previous District was Sittwe District (MMR012D001)
MMR012,Rakhine,MMR012D002,Maungdaw,MMR012009,Maungdaw,မောင်တော,ASIMMR012009,GAD,NA,NA,NA,NA,Active,N/A,Active,NA,NA
MMR012,Rakhine,MMR012D005,Mrauk-U,MMR012005,Minbya,မင်းပြား,ASIMMR012005,GAD,NA,2012-12-24T00:00:00Z,NA,No. 1/2012,Active,N/A,Active,Change of District,Previous District was Sittwe District (MMR012D001)
MMR012,Rakhine,MMR012D005,Mrauk-U,MMR012003,Mrauk-U,မြောက်ဦး,ASIMMR012003,GAD,NA,2012-12-24T00:00:00Z,NA,No. 1/2012,Active,N/A,Active,Change of District,Previous District was Sittwe District (MMR012D001)
MMR012,Rakhine,MMR012D003,Kyaukpyu,MMR012012,Munaung,မာန်အောင်,ASIMMR012012,GAD,NA,NA,NA,NA,Active,N/A,Active,NA,NA
MMR012,Rakhine,MMR012D005,Mrauk-U,MMR012006,Myebon,မြေပုံ,ASIMMR012006,GAD,NA,2012-12-24T00:00:00Z,NA,No. 1/2012,Active,N/A,Active,Change of District,Previous District was Sittwe District (MMR012D001)
MMR012,Rakhine,MMR012D001,Sittwe,MMR012007,Pauktaw,ပေါက်တော,ASIMMR012007,GAD,NA,NA,NA,NA,Active,N/A,Active,NA,NA
MMR012,Rakhine,MMR012D001,Sittwe,MMR012002,Ponnagyun,ပုဏ္ဏားကျွန်း,ASIMMR012002,GAD,NA,NA,NA,NA,Active,N/A,Active,NA,NA
MMR012,Rakhine,MMR012D003,Kyaukpyu,MMR012013,Ramree,ရမ်းဗြဲ,ASIMMR012013,GAD,NA,NA,NA,NA,Active,N/A,Active,NA,NA
MMR012,Rakhine,MMR012D001,Sittwe,MMR012008,Rathedaung,ရသေ့တောင်,ASIMMR012008,GAD,NA,NA,NA,NA,Active,N/A,Active,NA,NA
MMR012,Rakhine,MMR012D001,Sittwe,MMR012001,Sittwe,စစ်တွေ,ASIMMR012001,GAD,NA,NA,NA,NA,Active,N/A,Active,NA,NA
MMR012,Rakhine,MMR012D004,Thandwe,MMR012015,Thandwe,သံတွဲ,ASIMMR012015,GAD,NA,NA,NA,NA,Active,N/A,Active,NA,NA
MMR012,Rakhine,MMR012D004,Thandwe,MMR012016,Toungup,တောင်ကုတ်,ASIMMR012016,GAD,NA,NA,NA,NA,Active,N/A,Active,NA,NA
MMR005,Sagaing,MMR005D003,Monywa,MMR005014,Ayadaw,အရာတော်,ASIMMR005014,GAD,NA,NA,NA,NA,Active,N/A,Active,NA,NA
MMR005,Sagaing,MMR005D004,Katha,MMR005023,Banmauk,ဗန်းမောက်,ASIMMR005023,GAD,NA,NA,NA,NA,Active,N/A,Active,NA,NA
MMR005,Sagaing,MMR005D003,Monywa,MMR005013,Budalin,ဘုတလင်,ASIMMR005013,GAD,NA,NA,NA,NA,Active,N/A,Active,NA,NA
MMR005,Sagaing,MMR005D003,Monywa,MMR005015,Chaung-U,ချောင်းဦး,ASIMMR005015,GAD,NA,NA,NA,NA,Active,N/A,Active,NA,NA
MMR005,Sagaing,MMR005D008,Hkamti,MMR005033,Hkamti,ခန္တီး,ASIMMR005033,GAD,NA,NA,NA,NA,Active,N/A,Active,NA,NA
MMR005,Sagaing,MMR005D008,Hkamti,MMR005034,Homalin,ဟုမ္မလင်း,ASIMMR005034,GAD,NA,NA,NA,NA,Active,N/A,Active,NA,NA
MMR005,Sagaing,MMR005D004,Katha,MMR005021,Indaw,အင်းတော်,ASIMMR005021,GAD,NA,NA,NA,NA,Active,N/A,Active,NA,NA
MMR005,Sagaing,MMR005D005,Kale,MMR005027,Kale,ကလေး,ASIMMR005027,GAD,NA,NA,NA,NA,Active,N/A,Active,NA,NA
MMR005,Sagaing,MMR005D005,Kale,MMR005028,Kalewa,ကလေးဝ,ASIMMR005028,GAD,NA,NA,NA,NA,Active,N/A,Active,NA,NA
MMR005,Sagaing,MMR005D010,Kanbalu,MMR005007,Kanbalu,ကန့်ဘလူ,ASIMMR005007,GAD,NA,2015-03-30T00:00:00Z,NA,No. 354/2015,Active,N/A,Active,Change of District,Previous District was Shwebo District 9MMR005D002)
MMR005,Sagaing,MMR005D009,Yinmarbin,MMR005017,Kani,ကနီ,ASIMMR005017,GAD,NA,2013-06-19T00:00:00Z,NA,No. 520/2013,Active,N/A,Active,Change of District,Previous District was Monywa District (MMR005D003)
MMR005,Sagaing,MMR005D004,Katha,MMR005020,Katha,ကသာ,ASIMMR005020,GAD,NA,NA,NA,NA,Active,N/A,Active,NA,NA
MMR005,Sagaing,MMR005D011,Kawlin,MMR005024,Kawlin,ကောလင်း,ASIMMR005024,GAD,NA,NA,NA,NA,Active,N/A,Active,NA,NA
MMR005,Sagaing,MMR005D002,Shwebo,MMR005005,Khin-U,ခင်ဦး,ASIMMR005005,GAD,NA,NA,NA,NA,Active,N/A,Active,NA,NA
MMR005,Sagaing,MMR005D010,Kanbalu,MMR005008,Kyunhla,ကျွန်းလှ,ASIMMR005008,GAD,NA,2015-03-30T00:00:00Z,NA,No. 354/2015,Active,N/A,Active,Change of District,Previous District was Shwebo District 9MMR005D002)
MMR005,Sagaing,MMR005S001,Naga Self-Administered Zone,MMR005036,Lahe,လဟယ်,ASIMMR005036,GAD,NA,NA,NA,NA,Active,N/A,Active,NA,NA
MMR005,Sagaing,MMR005S001,Naga Self-Administered Zone,MMR005035,Lay Shi,လေရှီး,ASIMMR005035,GAD,NA,NA,NA,NA,Active,N/A,Active,NA,NA
MMR005,Sagaing,MMR005D007,Mawlaik,MMR005031,Mawlaik,မော်လိုက်,ASIMMR005031,GAD,NA,NA,NA,NA,Active,N/A,Active,NA,NA
MMR005,Sagaing,MMR005D005,Kale,MMR005029,Mingin,မင်းကင်း,ASIMMR005029,GAD,NA,NA,NA,NA,Active,N/A,Active,NA,NA
MMR005,Sagaing,MMR005D003,Monywa,MMR005012,Monywa,မုံရွာ,ASIMMR005012,GAD,NA,NA,NA,NA,Active,N/A,Active,NA,NA
MMR005,Sagaing,MMR005D001,Sagaing,MMR005003,Myaung,မြောင်,ASIMMR005003,GAD,NA,NA,NA,NA,Active,N/A,Active,NA,NA
MMR005,Sagaing,MMR005D001,Sagaing,MMR005002,Myinmu,မြင်းမူ,ASIMMR005002,GAD,NA,NA,NA,NA,Active,N/A,Active,NA,NA
MMR005,Sagaing,MMR005S001,Naga Self-Administered Zone,MMR005037,Nanyun,နန်းယွန်း,ASIMMR005037,GAD,NA,NA,NA,NA,Active,N/A,Active,NA,NA
MMR005,Sagaing,MMR005D009,Yinmarbin,MMR005019,Pale,ပုလဲ,ASIMMR005019,GAD,NA,2013-06-19T00:00:00Z,NA,No. 520/2013,Active,N/A,Active,Change of District,Previous District was Monywa District (MMR005D003)
MMR005,Sagaing,MMR005D007,Mawlaik,MMR005032,Paungbyin,ဖောင်းပြင်,ASIMMR005032,GAD,NA,NA,NA,NA,Active,N/A,Active,NA,NA
MMR005,Sagaing,MMR005D011,Kawlin,MMR005026,Pinlebu,ပင်လည်ဘူး,ASIMMR005026,GAD,NA,NA,NA,NA,Active,N/A,Active,NA,NA
MMR005,Sagaing,MMR005D001,Sagaing,MMR005001,Sagaing,စစ်ကိုင်း,ASIMMR005001,GAD,NA,NA,NA,NA,Active,N/A,Active,NA,NA
MMR005,Sagaing,MMR005D009,Yinmarbin,MMR005018,Salingyi,ဆားလင်းကြီး,ASIMMR005018,GAD,NA,2013-06-19T00:00:00Z,NA,No. 520/2013,Active,N/A,Active,Change of District,Previous District was Monywa District (MMR005D003)
MMR005,Sagaing,MMR005D002,Shwebo,MMR005004,Shwebo,ရွှေဘို,ASIMMR005004,GAD,NA,NA,NA,NA,Active,N/A,Active,NA,NA
MMR005,Sagaing,MMR005D002,Shwebo,MMR005010,Tabayin,ဒီပဲယင်း,ASIMMR005010,GAD,NA,NA,NA,NA,Active,N/A,Active,NA,NA
MMR005,Sagaing,MMR005D006,Tamu,MMR005030,Tamu,တမူး,ASIMMR005030,GAD,NA,NA,NA,NA,Active,N/A,Active,NA,NA
MMR005,Sagaing,MMR005D002,Shwebo,MMR005011,Taze,တန့်ဆည်,ASIMMR005011,GAD,NA,2016-03-25T00:00:00Z,NA,No. 1007/2016,Active,N/A,Active,Change of District,"Moved back from Kanbalu District (MMR005D010) to Shwebo District, moved from Shwebo District to Kanbalu District as of No. 354/2015 dated 30 Mar 2015"
MMR005,Sagaing,MMR005D004,Katha,MMR005022,Tigyaing,ထီးချိုင့်,ASIMMR005022,GAD,NA,NA,NA,NA,Active,N/A,Active,NA,NA
MMR005,Sagaing,MMR005D002,Shwebo,MMR005006,Wetlet,ဝက်လက်,ASIMMR005006,GAD,NA,NA,NA,NA,Active,N/A,Active,NA,NA
MMR005,Sagaing,MMR005D011,Kawlin,MMR005025,Wuntho,ဝန်းသို,ASIMMR005025,GAD,NA,NA,NA,NA,Active,N/A,Active,NA,NA
MMR005,Sagaing,MMR005D002,Shwebo,MMR005009,Ye-U,ရေဦး,ASIMMR005009,GAD,NA,2016-03-25T00:00:00Z,NA,No. 1007/2016,Active,N/A,Active,Change of District,"Moved back from Kanbalu District (MMR005D010) to Shwebo District, moved from Shwebo District to Kanbalu District as of No. 354/2015 dated 30 Mar 2015"
MMR005,Sagaing,MMR005D009,Yinmarbin,MMR005016,Yinmarbin,ယင်းမာပင်,ASIMMR005016,GAD,NA,2013-06-19T00:00:00Z,NA,No. 520/2013,Active,N/A,Active,Change of District,Previous District was Monywa District (MMR005D003)
MMR016,Shan (East),MMR016D333,Mong Pawk (Wa SAD),MMR016320,Ho Tawng (Ho Tao),ဟိုတောင်း,ASIMMR016320,Field Sources,2009-09-01T00:00:00Z,NA,NA,NA,N/A,Active,Active,NA,NA
MMR016,Shan (East),MMR016D001,Kengtung,MMR016001,Kengtung,ကျိုင်းတုံ,ASIMMR016001,GAD,NA,NA,NA,NA,Active,N/A,Active,NA,NA
MMR016,Shan (East),MMR016D333,Mong Pawk (Wa SAD),MMR016319,Mong Hpen,မိုင်းဖျန်,ASIMMR016319,Field Sources,2009-09-01T00:00:00Z,NA,NA,NA,N/A,Active,Active,NA,NA
MMR016,Shan (East),MMR016D333,Mong Pawk (Wa SAD),MMR016322,Mong Kar,မိုင်းကာ,ASIMMR016322,Field Sources,2009-09-01T00:00:00Z,NA,NA,NA,N/A,Active,Active,NA,NA
MMR016,Shan (East),MMR016D333,Mong Pawk (Wa SAD),MMR016321,Mong Pawk,မိုင်းပေါက်,ASIMMR016321,Field Sources,2009-09-01T00:00:00Z,NA,NA,NA,N/A,Active,Active,NA,NA
MMR016,Shan (East),MMR016D003,Tachileik,MMR016010,Monghpyak,မိုင်းဖြတ်,ASIMMR016010,GAD,NA,2014-01-17T00:00:00Z,NA,No. 45/2014,Active,N/A,Active,Change of District,Previous District was Monghpyak (MMR016D004)
MMR016,Shan (East),MMR016D002,Monghsat,MMR016006,Monghsat,မိုင်းဆတ်,ASIMMR016006,GAD,NA,NA,NA,NA,Active,N/A,Active,NA,NA
MMR016,Shan (East),MMR016D001,Kengtung,MMR016002,Mongkhet,မိုင်းခတ်,ASIMMR016002,GAD,NA,NA,NA,NA,Active,N/A,Active,NA,NA
MMR016,Shan (East),MMR016D001,Kengtung,MMR016005,Mongla,မိုင်းလား,ASIMMR016005,GAD,NA,NA,NA,NA,Active,N/A,Active,NA,NA
MMR016,Shan (East),MMR016D001,Kengtung,MMR016007,Mongping,မိုင်းပျဉ်း,ASIMMR016007,GAD,NA,2014-01-30T00:00:00Z,NA,No. 76/2014,Active,N/A,Active,NA,Previous District was Monghsat (MMR016D002)
MMR016,Shan (East),MMR016D002,Monghsat,MMR016008,Mongton,မိုင်းတုံ,ASIMMR016008,GAD,NA,NA,NA,NA,Active,N/A,Active,NA,NA
MMR016,Shan (East),MMR016D001,Kengtung,MMR016003,Mongyang,မိုင်းယန်း,ASIMMR016003,GAD,NA,NA,NA,NA,Active,N/A,Active,NA,NA
MMR016,Shan (East),MMR016D003,Tachileik,MMR016011,Mongyawng,မိုင်းယောင်း,ASIMMR016011,GAD,NA,2014-01-17T00:00:00Z,NA,No. 45/2014,Active,N/A,Active,Change of District,Previous District was Monghpyak (MMR016D004)
MMR016,Shan (East),MMR016D333,Mong Pawk (Wa SAD),MMR016323,Nam Hpai,နမ့်ဖိုင်,ASIMMR016323,Field Sources,2009-09-01T00:00:00Z,NA,NA,NA,N/A,Active,Active,NA,NA
MMR016,Shan (East),MMR016D003,Tachileik,MMR016009,Tachileik,တာချီလိတ်,ASIMMR016009,GAD,NA,NA,NA,NA,Active,N/A,Active,NA,NA
MMR015,Shan (North),MMR015D331,Mong Maw (Wa SAD),MMR015311,Aik Chan (Ai' Chun),အိုက်ချန်,ASIMMR015311,Field Sources,2009-09-01T00:00:00Z,NA,NA,NA,N/A,Active,Active,NA,NA
MMR015,Shan (North),MMR015D221,Laukkaing (Kokang SAZ),MMR015203,Chinshwehaw Sub-township (Kokang SAZ),ချင်းရွှေဟော်မြို့နယ်ခွဲ (အထူးဒေသ ၁),ASIMMR015203,Field Sources,2009-09-01T00:00:00Z,NA,NA,NA,N/A,Active,Active,NA,NA
MMR015,Shan (North),MMR015D331,Mong Maw (Wa SAD),MMR015306,Hkun Mar (Hkwin Ma),ခွန်းမား,ASIMMR015306,Field Sources,2009-09-01T00:00:00Z,NA,NA,NA,N/A,Active,Active,NA,NA
MMR015,Shan (North),MMR015D006,Hopang,MMR015021,Hopang,ဟိုပန်,ASIMMR015021,GAD,NA,2011-08-31T00:00:00Z,NA,200/21-74/U-1,Active,N/A,Active,Change of District,Previous District was Kunglon District to Hopang Distict
MMR015,Shan (North),MMR015D331,Mong Maw (Wa SAD),MMR015305,Hsawng Hpa (Saun Pha),ဆောင်ဖ,ASIMMR015305,Field Sources,2009-09-01T00:00:00Z,NA,NA,NA,N/A,Active,Active,NA,NA
MMR015,Shan (North),MMR015D001,Lashio,MMR015002,Hseni,သိန္နီ,ASIMMR015002,GAD,NA,NA,NA,NA,Active,N/A,Active,NA,NA
MMR015,Shan (North),MMR015D003,Kyaukme,MMR015014,Hsipaw,သီပေါ,ASIMMR015014,GAD,NA,NA,NA,NA,Active,N/A,Active,NA,NA
MMR015,Shan (North),MMR015D331,Mong Maw (Wa SAD),MMR015310,Ka Lawng Hpar,ကလောင်ဖါ,ASIMMR015310,Field Sources,2009-09-01T00:00:00Z,NA,NA,NA,N/A,Active,Active,NA,NA
MMR015,Shan (North),MMR015D331,Mong Maw (Wa SAD),MMR015304,Kawng Min Hsang,ကောင်မင်ဆန်း,ASIMMR015304,Field Sources,2009-09-01T00:00:00Z,NA,NA,NA,N/A,Active,Active,NA,NA
MMR015,Shan (North),MMR015S002,Kokang Self-Administered Zone,MMR015023,Konkyan,ကုန်းကြမ်း,ASIMMR015023,GAD,NA,2019-05-16T00:00:00Z,NA,No. 130/2019,Active,N/A,Active,Change of District,Previous District was Laukkaing (MMR015D005)
MMR015,Shan (North),MMR015D221,Laukkaing (Kokang SAZ),MMR015201,Konkyan (Kokang SAZ),ကုန်းကြမ်း (အထူးဒေသ ၁),ASIMMR015201,Field Sources,2009-09-01T00:00:00Z,NA,NA,NA,N/A,Active,Active,NA,NA
MMR015,Shan (North),MMR015D001,Lashio,MMR015020,Kunlong,ကွမ်းလုံ,ASIMMR015020,GAD,NA,2014-01-17T00:00:00Z,NA,No. 45/2014,Active,N/A,Active,Change of District,Previous District was Kunlong (MMR015D004)
MMR015,Shan (North),MMR015D002,Muse,MMR015011,Kutkai,ကွတ်ခိုင်,ASIMMR015011,GAD,NA,NA,NA,NA,Active,N/A,Active,NA,NA
MMR015,Shan (North),MMR015D003,Kyaukme,MMR015012,Kyaukme,ကျောက်မဲ,ASIMMR015012,GAD,NA,NA,NA,NA,Active,N/A,Active,NA,NA
MMR015,Shan (North),MMR015D001,Lashio,MMR015001,Lashio,လားရှိုး,ASIMMR015001,GAD,NA,NA,NA,NA,Active,N/A,Active,NA,NA
MMR015,Shan (North),MMR015S002,Kokang Self-Administered Zone,MMR015022,Laukkaing,လောက်ကိုင်,ASIMMR015022,GAD,NA,2019-05-16T00:00:00Z,NA,No. 130/2019,Active,N/A,Active,Change of District,Previous District was Laukkaing (MMR015D005)
MMR015,Shan (North),MMR015D221,Laukkaing (Kokang SAZ),MMR015202,Laukkaing (Kokang SAZ),လောက်ကိုင် (အထူးဒေသ ၁),ASIMMR015202,Field Sources,2009-09-01T00:00:00Z,NA,NA,NA,N/A,Active,Active,NA,NA
MMR015,Shan (North),MMR015D331,Mong Maw (Wa SAD),MMR015309,Lin Haw,လင်ဟော်,ASIMMR015309,Field Sources,2009-09-01T00:00:00Z,NA,NA,NA,N/A,Active,Active,NA,NA
MMR015,Shan (North),MMR015D331,Mong Maw (Wa SAD),MMR015307,Long Htan,လုံထန်,ASIMMR015307,Field Sources,2009-09-01T00:00:00Z,NA,NA,NA,N/A,Active,Active,NA,NA
MMR015,Shan (North),MMR015D008,Mongmit,MMR015018,Mabein,မဘိမ်း,ASIMMR015018,GAD,NA,2014-01-30T00:00:00Z,NA,No. 77/2014,Active,N/A,Active,Change of District,Previous District was Kyaukme District (MMR015D003)
MMR015,Shan (North),MMR015D332,Wein Kawng (Wein Kao) (Wa SAD),MMR015313,Man Man Hseng,မန်မန်ဆိုင်,ASIMMR015313,Field Sources,2009-09-01T00:00:00Z,NA,NA,NA,N/A,Active,Active,NA,NA
MMR015,Shan (North),MMR015D331,Mong Maw (Wa SAD),MMR015303,Man Tun,မန်တွန်း,ASIMMR015303,Field Sources,2009-09-01T00:00:00Z,NA,NA,NA,N/A,Active,Active,NA,NA
MMR015,Shan (North),MMR015S001,Pa Laung Self-Administered Zone,MMR015019,Manton,မန်တုံ,ASIMMR015019,GAD,NA,NA,NA,NA,Active,N/A,Active,NA,NA
MMR015,Shan (North),MMR015D007,Matman,MMR015024,Matman,မက်မန်း,ASIMMR016004,GAD,NA,2013-01-01T00:00:00Z,NA,No. 930/2013,Active,N/A,Active,Change of District,Previous Distict was Hopan and moved from Kengteng District to Hopang Distict as of 200/21-74/U-1 dated 31 Aug 2011
MMR015,Shan (North),MMR015D006,Hopang,MMR015008,Mongmao,မိုင်းမော,ASIMMR015008,GAD,NA,2011-08-31T00:00:00Z,NA,200/21-74/U-1,Active,N/A,Active,Change of District,Previous District was Lashio District to Hopang Distict
MMR015,Shan (North),MMR015D008,Mongmit,MMR015017,Mongmit,မိုးမိတ်,ASIMMR015017,GAD,NA,2014-01-30T00:00:00Z,NA,No. 77/2014,Active,N/A,Active,Change of District,Previous District was Kyaukme District (MMR015D003)
MMR015,Shan (North),MMR015D001,Lashio,MMR015003,Mongyai,မိုင်းရယ်,ASIMMR015003,GAD,NA,NA,NA,NA,Active,N/A,Active,NA,NA
MMR015,Shan (North),MMR015D002,Muse,MMR015009,Muse,မူဆယ်,ASIMMR015009,GAD,NA,NA,NA,NA,Active,N/A,Active,NA,NA
MMR015,Shan (North),MMR015D332,Wein Kawng (Wein Kao) (Wa SAD),MMR015315,Nam Hkam Wu,နမ်ခမ်းဝူး,ASIMMR015315,Field Sources,2009-09-01T00:00:00Z,NA,NA,NA,N/A,Active,Active,NA,NA
MMR015,Shan (North),MMR015D331,Mong Maw (Wa SAD),MMR015301,Nam Tit,နမ့် တစ်,ASIMMR015301,Field Sources,2009-09-01T00:00:00Z,NA,NA,NA,N/A,Active,Active,NA,NA
MMR015,Shan (North),MMR015D002,Muse,MMR015010,Namhkan,နမ့်ခမ်း,ASIMMR015010,GAD,NA,NA,NA,NA,Active,N/A,Active,NA,NA
MMR015,Shan (North),MMR015S001,Pa Laung Self-Administered Zone,MMR015016,Namhsan,နမ့်ဆန်,ASIMMR015016,GAD,NA,NA,NA,NA,Active,N/A,Active,NA,NA
MMR015,Shan (North),MMR015D003,Kyaukme,MMR015015,Namtu,နမ္မတူ,ASIMMR015015,GAD,NA,NA,NA,NA,Active,N/A,Active,NA,NA
MMR015,Shan (North),MMR015D332,Wein Kawng (Wein Kao) (Wa SAD),MMR015316,Nar Kawng,နားကောင်,ASIMMR015316,Field Sources,2009-09-01T00:00:00Z,NA,NA,NA,N/A,Active,Active,NA,NA
MMR015,Shan (North),MMR015D331,Mong Maw (Wa SAD),MMR015302,Nar Wee (Na Wi),နာဝီး,ASIMMR015302,Field Sources,2009-09-01T00:00:00Z,NA,NA,NA,N/A,Active,Active,NA,NA
MMR015,Shan (North),MMR015D007,Matman,MMR015006,Narphan,နားဖန်း,ASIMMR015006,GAD,NA,2013-01-01T00:00:00Z,NA,No. 930/2013,Active,N/A,Active,Change of District,Previous Distict was Hopan and changed from Kengteng District to Hopang Distict as of 200/21-74/U-1 dated 31 Aug 2011
MMR015,Shan (North),MMR015D332,Wein Kawng (Wein Kao) (Wa SAD),MMR015314,Nawng Hkit,နောင်ခစ်,ASIMMR015314,Field Sources,2009-09-01T00:00:00Z,NA,NA,NA,N/A,Active,Active,NA,NA
MMR015,Shan (North),MMR015D003,Kyaukme,MMR015013,Nawnghkio,နောင်ချို,ASIMMR015013,GAD,NA,NA,NA,NA,Active,N/A,Active,NA,NA
MMR015,Shan (North),MMR015D332,Wein Kawng (Wein Kao) (Wa SAD),MMR015317,Pang Hkam,ပန်ခမ့်,ASIMMR015317,Field Sources,2009-09-01T00:00:00Z,NA,NA,NA,N/A,Active,Active,NA,NA
MMR015,Shan (North),MMR015D332,Wein Kawng (Wein Kao) (Wa SAD),MMR015318,Pang Yang,ပန်ယန်း,ASIMMR015318,Field Sources,2009-09-01T00:00:00Z,NA,NA,NA,N/A,Active,Active,NA,NA
MMR015,Shan (North),MMR015D007,Matman,MMR015005,Pangsang (Panghkam),ပန်ဆန်း (ပန်ခမ်း),ASIMMR015005,GAD,NA,2013-01-01T00:00:00Z,NA,No. 930/2013,Active,N/A,Active,Change of District,Previous Distict was Hopan and changed from Kengteng District to Hopang Distict as of 200/21-74/U-1 dated 31 Aug 2011
MMR015,Shan (North),MMR015D006,Hopang,MMR015007,Pangwaun,ပန်ဝိုင်,ASIMMR015007,GAD,NA,2011-08-31T00:00:00Z,NA,200/21-74/U-1,Active,N/A,Active,Change of District,Previous District was Lashio District to Hopang Distict
MMR015,Shan (North),MMR015D001,Lashio,MMR015004,Tangyan,တန့်ယန်း,ASIMMR015004,GAD,NA,NA,NA,NA,Active,N/A,Active,NA,NA
MMR015,Shan (North),MMR015D331,Mong Maw (Wa SAD),MMR015308,Yawng Lin,ယောင်လင်း,ASIMMR015308,Field Sources,2009-09-01T00:00:00Z,NA,NA,NA,N/A,Active,Active,NA,NA
MMR015,Shan (North),MMR015D331,Mong Maw (Wa SAD),MMR015312,Yin Pang,ရင်ဖန့်,ASIMMR015312,Field Sources,2009-09-01T00:00:00Z,NA,NA,NA,N/A,Active,Active,NA,NA
MMR014,Shan (South),MMR014S002,Pa-O Self-Administered Zone,MMR014003,Hopong,ဟိုပုံး,ASIMMR014003,GAD,NA,NA,NA,NA,Active,N/A,Active,NA,NA
MMR014,Shan (South),MMR014S002,Pa-O Self-Administered Zone,MMR014004,Hsihseng,ဆီဆိုင်,ASIMMR014004,GAD,NA,NA,NA,NA,Active,N/A,Active,NA,NA
MMR014,Shan (South),MMR014D001,Taunggyi,MMR014005,Kalaw,ကလော,ASIMMR014005,GAD,NA,NA,NA,NA,Active,N/A,Active,NA,NA
MMR014,Shan (South),MMR014D002,Loilen,MMR014014,Kunhing,ကွန်ဟိန်း,ASIMMR014014,GAD,NA,NA,NA,NA,Active,N/A,Active,NA,NA
MMR014,Shan (South),MMR014D002,Loilen,MMR014015,Kyethi,ကျေးသီး,ASIMMR014015,GAD,NA,NA,NA,NA,Active,N/A,Active,NA,NA
MMR014,Shan (South),MMR014D002,Loilen,MMR014012,Laihka,လဲချား,ASIMMR014012,GAD,NA,NA,NA,NA,Active,N/A,Active,NA,NA
MMR014,Shan (South),MMR014D003,Langkho,MMR014018,Langkho,လင်းခေး,ASIMMR014018,GAD,NA,NA,NA,NA,Active,N/A,Active,NA,NA
MMR014,Shan (South),MMR014D001,Taunggyi,MMR014008,Lawksawk,ရပ်စောက်,ASIMMR014008,GAD,NA,NA,NA,NA,Active,N/A,Active,NA,NA
MMR014,Shan (South),MMR014D002,Loilen,MMR014011,Loilen,လွိုင်လင်,ASIMMR014011,GAD,NA,NA,NA,NA,Active,N/A,Active,NA,NA
MMR014,Shan (South),MMR014D003,Langkho,MMR014020,Mawkmai,မောက်မယ်,ASIMMR014020,GAD,NA,NA,NA,NA,Active,N/A,Active,NA,NA
MMR014,Shan (South),MMR014D002,Loilen,MMR014017,Monghsu,မိုင်းရှူး,ASIMMR014017,GAD,NA,NA,NA,NA,Active,N/A,Active,NA,NA
MMR014,Shan (South),MMR014D002,Loilen,MMR014016,Mongkaing,မိုင်းကိုင်,ASIMMR014016,GAD,NA,NA,NA,NA,Active,N/A,Active,NA,NA
MMR014,Shan (South),MMR014D003,Langkho,MMR014019,Mongnai,မိုးနဲ,ASIMMR014019,GAD,NA,NA,NA,NA,Active,N/A,Active,NA,NA
MMR014,Shan (South),MMR014D003,Langkho,MMR014021,Mongpan,မိုင်းပန်,ASIMMR014021,GAD,NA,NA,NA,NA,Active,N/A,Active,NA,NA
MMR014,Shan (South),MMR014D002,Loilen,MMR014013,Nansang,နမ့်စန်,ASIMMR014013,GAD,NA,NA,NA,NA,Active,N/A,Active,NA,NA
MMR014,Shan (South),MMR014D001,Taunggyi,MMR014002,Nyaungshwe,ညောင်ရွှေ,ASIMMR014002,GAD,NA,NA,NA,NA,Active,N/A,Active,NA,NA
MMR014,Shan (South),MMR014D001,Taunggyi,MMR014010,Pekon,ဖယ်ခုံ,ASIMMR014010,GAD,NA,NA,NA,NA,Active,N/A,Active,NA,NA
MMR014,Shan (South),MMR014S001,Danu Self-Administered Zone,MMR014006,Pindaya,ပင်းတယ,ASIMMR014006,GAD,NA,NA,NA,NA,Active,N/A,Active,NA,NA
MMR014,Shan (South),MMR014S002,Pa-O Self-Administered Zone,MMR014009,Pinlaung,ပင်လောင်း,ASIMMR014009,GAD,NA,NA,NA,NA,Active,N/A,Active,NA,NA
MMR014,Shan (South),MMR014D001,Taunggyi,MMR014001,Taunggyi,တောင်ကြီး,ASIMMR014001,GAD,NA,NA,NA,NA,Active,N/A,Active,NA,NA
MMR014,Shan (South),MMR014S001,Danu Self-Administered Zone,MMR014007,Ywangan,ရွာငံ,ASIMMR014007,GAD,NA,NA,NA,NA,Active,N/A,Active,NA,NA
MMR006,Tanintharyi,MMR006D003,Kawthoung,MMR006010,Bokpyin,ဘုတ်ပြင်း,ASIMMR006010,GAD,NA,NA,NA,NA,Active,N/A,Active,NA,NA
MMR006,Tanintharyi,MMR006D001,Dawei,MMR006001,Dawei,ထားဝယ်,ASIMMR006001,GAD,NA,NA,NA,NA,Active,N/A,Active,NA,NA
MMR006,Tanintharyi,MMR006D003,Kawthoung,MMR006009,Kawthoung,ကော့သောင်း,ASIMMR006009,GAD,NA,NA,NA,NA,Active,N/A,Active,NA,NA
MMR006,Tanintharyi,MMR006D002,Myeik,MMR006006,Kyunsu,ကျွန်းစု,ASIMMR006006,GAD,NA,NA,NA,NA,Active,N/A,Active,NA,NA
MMR006,Tanintharyi,MMR006D001,Dawei,MMR006002,Launglon,လောင်းလုံး,ASIMMR006002,GAD,NA,NA,NA,NA,Active,N/A,Active,NA,NA
MMR006,Tanintharyi,MMR006D002,Myeik,MMR006005,Myeik,မြိတ်,ASIMMR006005,GAD,NA,NA,NA,NA,Active,N/A,Active,NA,NA
MMR006,Tanintharyi,MMR006D002,Myeik,MMR006007,Palaw,ပုလော,ASIMMR006007,GAD,NA,NA,NA,NA,Active,N/A,Active,NA,NA
MMR006,Tanintharyi,MMR006D002,Myeik,MMR006008,Tanintharyi,တနင်္သာရီ,ASIMMR006008,GAD,NA,NA,NA,NA,Active,N/A,Active,NA,NA
MMR006,Tanintharyi,MMR006D001,Dawei,MMR006003,Thayetchaung,သရက်ချောင်း,ASIMMR006003,GAD,NA,NA,NA,NA,Active,N/A,Active,NA,NA
MMR006,Tanintharyi,MMR006D001,Dawei,MMR006004,Yebyu,ရေဖြူ,ASIMMR006004,GAD,NA,NA,NA,NA,Active,N/A,Active,NA,NA
MMR013,Yangon,MMR013D004,Yangon (West),MMR013037,Ahlone,အလုံ,ASIMMR013037,GAD,NA,NA,NA,NA,Active,N/A,Active,NA,NA
MMR013,Yangon,MMR013D004,Yangon (West),MMR013044,Bahan,ဗဟန်း,ASIMMR013044,GAD,NA,NA,NA,NA,Active,N/A,Active,NA,NA
MMR013,Yangon,MMR013D002,Yangon (East),MMR013017,Botahtaung,ဗိုလ်တထောင်,ASIMMR013017,GAD,NA,NA,NA,NA,Active,N/A,Active,NA,NA
MMR013,Yangon,MMR013D003,Yangon (South),MMR013032,Cocokyun,ကိုကိုးကျွန်း,ASIMMR013032,GAD,NA,NA,NA,NA,Active,N/A,Active,NA,NA
MMR013,Yangon,MMR013D004,Yangon (West),MMR013043,Dagon,ဒဂုံ,ASIMMR013043,GAD,NA,NA,NA,NA,Active,N/A,Active,NA,NA
MMR013,Yangon,MMR013D002,Yangon (East),MMR013020,Dagon Myothit (East),ဒဂုံမြို့သစ် (အရှေ့ပိုင်း),ASIMMR013020,GAD,NA,NA,NA,NA,Active,N/A,Active,NA,NA
MMR013,Yangon,MMR013D002,Yangon (East),MMR013019,Dagon Myothit (North),ဒဂုံမြို့သစ် (မြောက်ပိုင်း),ASIMMR013019,GAD,NA,NA,NA,NA,Active,N/A,Active,NA,NA
MMR013,Yangon,MMR013D002,Yangon (East),MMR013021,Dagon Myothit (Seikkan),ဒဂုံမြို့သစ် (ဆိပ်ကမ်း),ASIMMR013021,GAD,NA,NA,NA,NA,Active,N/A,Active,NA,NA
MMR013,Yangon,MMR013D002,Yangon (East),MMR013018,Dagon Myothit (South),ဒဂုံမြို့သစ် (တောင်ပိုင်း),ASIMMR013018,GAD,NA,NA,NA,NA,Active,N/A,Active,NA,NA
MMR013,Yangon,MMR013D003,Yangon (South),MMR013030,Dala,ဒလ,ASIMMR013030,GAD,NA,NA,NA,NA,Active,N/A,Active,NA,NA
MMR013,Yangon,MMR013D002,Yangon (East),MMR013014,Dawbon,ဒေါပုံ,ASIMMR013014,GAD,NA,NA,NA,NA,Active,N/A,Active,NA,NA
MMR013,Yangon,MMR013D004,Yangon (West),MMR013040,Hlaing,လှိုင်,ASIMMR013040,GAD,NA,NA,NA,NA,Active,N/A,Active,NA,NA
MMR013,Yangon,MMR013D001,Yangon (North),MMR013008,Hlaingtharya,လှိုင်သာယာ,ASIMMR013008,GAD,NA,2020-01-27T00:00:00Z,NA,No. 032/2020,Inactive,N/A,Inactive,Split,NA
MMR013,Yangon,MMR013D001,Yangon (North),MMR013004,Hlegu,လှည်းကူး,ASIMMR013004,GAD,NA,NA,NA,NA,Active,N/A,Active,NA,NA
MMR013,Yangon,MMR013D001,Yangon (North),MMR013003,Hmawbi,မှော်ဘီ,ASIMMR013003,GAD,NA,NA,NA,NA,Active,N/A,Active,NA,NA
MMR013,Yangon,MMR013D001,Yangon (North),MMR013006,Htantabin,ထန်းတပင်,ASIMMR013006,GAD,NA,NA,NA,NA,Active,N/A,Active,NA,NA
MMR013,Yangon,MMR013D001,Yangon (North),MMR013001,Insein,အင်းစိန်,ASIMMR013001,GAD,NA,NA,NA,NA,Active,N/A,Active,NA,NA
MMR013,Yangon,MMR013D004,Yangon (West),MMR013041,Kamaryut,ကမာရွတ်,ASIMMR013041,GAD,NA,NA,NA,NA,Active,N/A,Active,NA,NA
MMR013,Yangon,MMR013D003,Yangon (South),MMR013028,Kawhmu,ကော့မှူး,ASIMMR013028,GAD,NA,NA,NA,NA,Active,N/A,Active,NA,NA
MMR013,Yangon,MMR013D003,Yangon (South),MMR013026,Kayan,ခရမ်း,ASIMMR013026,GAD,NA,NA,NA,NA,Active,N/A,Active,NA,NA
MMR013,Yangon,MMR013D003,Yangon (South),MMR013029,Kungyangon,ကွမ်းခြံကုန်း,ASIMMR013029,GAD,NA,NA,NA,NA,Active,N/A,Active,NA,NA
MMR013,Yangon,MMR013D004,Yangon (West),MMR013033,Kyauktada,ကျောက်တံတား,ASIMMR013033,GAD,NA,NA,NA,NA,Active,N/A,Active,NA,NA
MMR013,Yangon,MMR013D003,Yangon (South),MMR013024,Kyauktan,ကျောက်တန်း,ASIMMR013024,GAD,NA,NA,NA,NA,Active,N/A,Active,NA,NA
MMR013,Yangon,MMR013D004,Yangon (West),MMR013038,Kyeemyindaing,ကြည့်မြင်တိုင်,ASIMMR013038,GAD,NA,NA,NA,NA,Active,N/A,Active,NA,NA
MMR013,Yangon,MMR013D004,Yangon (West),MMR013035,Lanmadaw,လမ်းမတော်,ASIMMR013035,GAD,NA,NA,NA,NA,Active,N/A,Active,NA,NA
MMR013,Yangon,MMR013D004,Yangon (West),MMR013036,Latha,လသာ,ASIMMR013036,GAD,NA,NA,NA,NA,Active,N/A,Active,NA,NA
MMR013,Yangon,MMR013D004,Yangon (West),MMR013042,Mayangone,မရမ်းကုန်း,ASIMMR013042,GAD,NA,NA,NA,NA,Active,N/A,Active,NA,NA
MMR013,Yangon,MMR013D001,Yangon (North),MMR013002,Mingaladon,မင်္ဂလာဒုံ,ASIMMR013002,GAD,NA,NA,NA,NA,Active,N/A,Active,NA,NA
MMR013,Yangon,MMR013D002,Yangon (East),MMR013022,Mingalartaungnyunt,မင်္ဂလာတောင်ညွန့်,ASIMMR013022,GAD,NA,NA,NA,NA,Active,N/A,Active,NA,NA
MMR013,Yangon,MMR013D002,Yangon (East),MMR013012,North Okkalapa,မြောက်ဥက္ကလာပ,ASIMMR013012,GAD,NA,NA,NA,NA,Active,N/A,Active,NA,NA
MMR013,Yangon,MMR013D004,Yangon (West),MMR013034,Pabedan,ပန်းဘဲတန်း,ASIMMR013034,GAD,NA,NA,NA,NA,Active,N/A,Active,NA,NA
MMR013,Yangon,MMR013D002,Yangon (East),MMR013016,Pazundaung,ပုဇွန်တောင်,ASIMMR013016,GAD,NA,NA,NA,NA,Active,N/A,Active,NA,NA
MMR013,Yangon,MMR013D004,Yangon (West),MMR013039,Sanchaung,စမ်းချောင်း,ASIMMR013039,GAD,NA,NA,NA,NA,Active,N/A,Active,NA,NA
MMR013,Yangon,MMR013D003,Yangon (South),MMR013031,Seikgyikanaungto,ဆိပ်ကြီး/ခနောင်တို,ASIMMR013031,GAD,NA,NA,NA,NA,Active,N/A,Active,NA,NA
MMR013,Yangon,MMR013D004,Yangon (West),MMR013045,Seikkan,ဆိပ်ကမ်း,ASIMMR013045,GAD,NA,2020-01-27T00:00:00Z,NA,No. 032/2020,Inactive,N/A,Inactive,Merge,Merge with Botahtaung and Lanmadaw Townships
MMR013,Yangon,MMR013D001,Yangon (North),MMR013007,Shwepyithar,ရွှေပြည်သာ,ASIMMR013007,GAD,NA,NA,NA,NA,Active,N/A,Active,NA,NA
MMR013,Yangon,MMR013D002,Yangon (East),MMR013011,South Okkalapa,တောင်ဥက္ကလာပ,ASIMMR013011,GAD,NA,NA,NA,NA,Active,N/A,Active,NA,NA
MMR013,Yangon,MMR013D001,Yangon (North),MMR013005,Taikkyi,တိုက်ကြီး,ASIMMR013005,GAD,NA,NA,NA,NA,Active,N/A,Active,NA,NA
MMR013,Yangon,MMR013D002,Yangon (East),MMR013015,Tamwe,တာမွေ,ASIMMR013015,GAD,NA,NA,NA,NA,Active,N/A,Active,NA,NA
MMR013,Yangon,MMR013D002,Yangon (East),MMR013013,Thaketa,သာကေတ,ASIMMR013013,GAD,NA,NA,NA,NA,Active,N/A,Active,NA,NA
MMR013,Yangon,MMR013D003,Yangon (South),MMR013023,Thanlyin,သန်လျင်,ASIMMR013023,GAD,NA,NA,NA,NA,Active,N/A,Active,NA,NA
MMR013,Yangon,MMR013D002,Yangon (East),MMR013009,Thingangyun,သင်္ဃန်းကျွန်း,ASIMMR013009,GAD,NA,NA,NA,NA,Active,N/A,Active,NA,NA
MMR013,Yangon,MMR013D003,Yangon (South),MMR013025,Thongwa,သုံးခွ,ASIMMR013025,GAD,NA,NA,NA,NA,Active,N/A,Active,NA,NA
MMR013,Yangon,MMR013D003,Yangon (South),MMR013027,Twantay,တွံတေး,ASIMMR013027,GAD,NA,NA,NA,NA,Active,N/A,Active,NA,NA
MMR013,Yangon,MMR013D002,Yangon (East),MMR013010,Yankin,ရန်ကင်း,ASIMMR013010,GAD,NA,NA,NA,NA,Active,N/A,Active,NA,NA
MMR013,Yangon,MMR013D001,Yangon (North),MMR013046,Hlaingtharya (East),လှိုင်သာယာ (အရှေ့ပိုင်း),NA,GAD,2020-01-27T00:00:00Z,NA,No. 032/2020,NA,Active,N/A,Active,NA,NA
MMR013,Yangon,MMR013D001,Yangon (North),MMR013047,Hlaingtharya (West),လှိုင်သာယာ (အနောက်ပိုင်း),NA,GAD,2020-01-27T00:00:00Z,NA,No. 032/2020,NA,Active,N/A,Active,NA,NA
